-- --------------------------------------------------------
-- Host:                         127.0.0.1
-- Server version:               10.5.5-MariaDB - mariadb.org binary distribution
-- Server OS:                    Win64
-- HeidiSQL Version:             11.0.0.5919
-- --------------------------------------------------------

/*!40101 SET @OLD_CHARACTER_SET_CLIENT=@@CHARACTER_SET_CLIENT */;
/*!40101 SET NAMES utf8 */;
/*!50503 SET NAMES utf8mb4 */;
/*!40014 SET @OLD_FOREIGN_KEY_CHECKS=@@FOREIGN_KEY_CHECKS, FOREIGN_KEY_CHECKS=0 */;
/*!40101 SET @OLD_SQL_MODE=@@SQL_MODE, SQL_MODE='NO_AUTO_VALUE_ON_ZERO' */;


-- Dumping database structure for authsrv
CREATE DATABASE IF NOT EXISTS `authsrv` /*!40100 DEFAULT CHARACTER SET utf8 */;
USE `authsrv`;

-- Dumping structure for table authsrv.country
CREATE TABLE IF NOT EXISTS `country` (
  `id` int(11) NOT NULL AUTO_INCREMENT,
  `name` varchar(255) DEFAULT NULL,
  `shortName` varchar(20) DEFAULT NULL,
  `countryCode` varchar(20) DEFAULT NULL,
  `region` varchar(50) DEFAULT NULL,
  PRIMARY KEY (`id`) USING BTREE
) ENGINE=InnoDB AUTO_INCREMENT=2 DEFAULT CHARSET=utf8;

-- Dumping data for table authsrv.country: ~0 rows (approximately)
/*!40000 ALTER TABLE `country` DISABLE KEYS */;
INSERT INTO `country` (`id`, `name`, `shortName`, `countryCode`, `region`) VALUES
	(1, 'Bangladesh', 'BD', '+880', NULL);
/*!40000 ALTER TABLE `country` ENABLE KEYS */;

-- Dumping structure for table authsrv.oauth_access_token
CREATE TABLE IF NOT EXISTS `oauth_access_token` (
  `token_id` varchar(256) DEFAULT NULL,
  `token` mediumblob DEFAULT NULL,
  `authentication_id` varchar(256) NOT NULL,
  `user_name` varchar(256) DEFAULT NULL,
  `client_id` varchar(256) DEFAULT NULL,
  `authentication` mediumblob DEFAULT NULL,
  `refresh_token` varchar(256) DEFAULT NULL,
  PRIMARY KEY (`authentication_id`)
) ENGINE=InnoDB DEFAULT CHARSET=utf8;

-- Dumping data for table authsrv.oauth_access_token: ~1 rows (approximately)
/*!40000 ALTER TABLE `oauth_access_token` DISABLE KEYS */;
INSERT INTO `oauth_access_token` (`token_id`, `token`, `authentication_id`, `user_name`, `client_id`, `authentication`, `refresh_token`) VALUES
	('88d2a09f491ffdff068ecfbea690bcc9', _binary 0xACED0005737200436F72672E737072696E676672616D65776F726B2E73656375726974792E6F61757468322E636F6D6D6F6E2E44656661756C744F4175746832416363657373546F6B656E0CB29E361B24FACE0200064C00156164646974696F6E616C496E666F726D6174696F6E74000F4C6A6176612F7574696C2F4D61703B4C000A65787069726174696F6E7400104C6A6176612F7574696C2F446174653B4C000C72656672657368546F6B656E74003F4C6F72672F737072696E676672616D65776F726B2F73656375726974792F6F61757468322F636F6D6D6F6E2F4F417574683252656672657368546F6B656E3B4C000573636F706574000F4C6A6176612F7574696C2F5365743B4C0009746F6B656E547970657400124C6A6176612F6C616E672F537472696E673B4C000576616C756571007E00057870737200176A6176612E7574696C2E4C696E6B6564486173684D617034C04E5C106CC0FB0200015A000B6163636573734F72646572787200116A6176612E7574696C2E486173684D61700507DAC1C31660D103000246000A6C6F6164466163746F724900097468726573686F6C6478703F400000000000067708000000080000000474000966756C6C5F6E616D657400184D642E204D756A61686964756C2049736C616D204B68616E74000A636F6D70616E795F69647372000E6A6176612E6C616E672E4C6F6E673B8BE490CC8F23DF0200014A000576616C7565787200106A6176612E6C616E672E4E756D62657286AC951D0B94E08B0200007870000000000000000174000764625F6E616D6574000A73757661737475617070740005656D61696C7400146D756A6168696431303240676D61696C2E636F6D78007372000E6A6176612E7574696C2E44617465686A81014B597419030000787077080000017BE3EF42E8787372004C6F72672E737072696E676672616D65776F726B2E73656375726974792E6F61757468322E636F6D6D6F6E2E44656661756C744578706972696E674F417574683252656672657368546F6B656E2FDF47639DD0C9B70200014C000A65787069726174696F6E71007E0002787200446F72672E737072696E676672616D65776F726B2E73656375726974792E6F61757468322E636F6D6D6F6E2E44656661756C744F417574683252656672657368546F6B656E73E10E0A6354D45E0200014C000576616C756571007E0005787074002461376538323066622D336162642D346639662D383764362D3636663466366365313631317371007E001477080000017BE450EAE778737200256A6176612E7574696C2E436F6C6C656374696F6E7324556E6D6F6469666961626C65536574801D92D18F9B80550200007872002C6A6176612E7574696C2E436F6C6C656374696F6E7324556E6D6F6469666961626C65436F6C6C656374696F6E19420080CB5EF71E0200014C0001637400164C6A6176612F7574696C2F436F6C6C656374696F6E3B7870737200176A6176612E7574696C2E4C696E6B656448617368536574D86CD75A95DD2A1E020000787200116A6176612E7574696C2E48617368536574BA44859596B8B7340300007870770C000000103F400000000000027400045245414474000557524954457874000662656172657274002433323934333965312D326562302D346564302D396131382D613263646533363631313938, '82387aeee456f7dc51a57c443b93a51b', '3', 'mobile', _binary 0xACED0005737200416F72672E737072696E676672616D65776F726B2E73656375726974792E6F61757468322E70726F76696465722E4F417574683241757468656E7469636174696F6EBD400B02166252130200024C000D73746F7265645265717565737474003C4C6F72672F737072696E676672616D65776F726B2F73656375726974792F6F61757468322F70726F76696465722F4F4175746832526571756573743B4C00127573657241757468656E7469636174696F6E7400324C6F72672F737072696E676672616D65776F726B2F73656375726974792F636F72652F41757468656E7469636174696F6E3B787200476F72672E737072696E676672616D65776F726B2E73656375726974792E61757468656E7469636174696F6E2E416273747261637441757468656E7469636174696F6E546F6B656ED3AA287E6E47640E0200035A000D61757468656E746963617465644C000B617574686F7269746965737400164C6A6176612F7574696C2F436F6C6C656374696F6E3B4C000764657461696C737400124C6A6176612F6C616E672F4F626A6563743B787000737200266A6176612E7574696C2E436F6C6C656374696F6E7324556E6D6F6469666961626C654C697374FC0F2531B5EC8E100200014C00046C6973747400104C6A6176612F7574696C2F4C6973743B7872002C6A6176612E7574696C2E436F6C6C656374696F6E7324556E6D6F6469666961626C65436F6C6C656374696F6E19420080CB5EF71E0200014C00016371007E00047870737200136A6176612E7574696C2E41727261794C6973747881D21D99C7619D03000149000473697A65787000000005770400000005737200426F72672E737072696E676672616D65776F726B2E73656375726974792E636F72652E617574686F726974792E53696D706C654772616E746564417574686F7269747900000000000002120200014C0004726F6C657400124C6A6176612F6C616E672F537472696E673B787074000A524F4C455F61646D696E7371007E000D74000E6372656174655F70726F66696C657371007E000D74000E64656C6574655F70726F66696C657371007E000D74000C726561645F70726F66696C657371007E000D74000E7570646174655F70726F66696C657871007E000C707372003A6F72672E737072696E676672616D65776F726B2E73656375726974792E6F61757468322E70726F76696465722E4F41757468325265717565737400000000000000010200075A0008617070726F7665644C000B617574686F72697469657371007E00044C000A657874656E73696F6E7374000F4C6A6176612F7574696C2F4D61703B4C000B726564697265637455726971007E000E4C00077265667265736874003B4C6F72672F737072696E676672616D65776F726B2F73656375726974792F6F61757468322F70726F76696465722F546F6B656E526571756573743B4C000B7265736F7572636549647374000F4C6A6176612F7574696C2F5365743B4C000D726573706F6E7365547970657371007E001C787200386F72672E737072696E676672616D65776F726B2E73656375726974792E6F61757468322E70726F76696465722E426173655265717565737436287A3EA37169BD0200034C0008636C69656E74496471007E000E4C001172657175657374506172616D657465727371007E001A4C000573636F706571007E001C78707400066D6F62696C65737200256A6176612E7574696C2E436F6C6C656374696F6E7324556E6D6F6469666961626C654D6170F1A5A8FE74F507420200014C00016D71007E001A7870737200116A6176612E7574696C2E486173684D61700507DAC1C31660D103000246000A6C6F6164466163746F724900097468726573686F6C6478703F4000000000000C77080000001000000006740004636F646574000654324B48623074000A6772616E745F74797065740012617574686F72697A6174696F6E5F636F646574000D726573706F6E73655F74797065740004636F646574000C72656469726563745F75726974001B687474703A2F2F6C6F63616C686F73743A383038302F6C6F67696E740005737461746574000645663542556F740009636C69656E745F696471007E001F78737200256A6176612E7574696C2E436F6C6C656374696F6E7324556E6D6F6469666961626C65536574801D92D18F9B80550200007871007E0009737200176A6176612E7574696C2E4C696E6B656448617368536574D86CD75A95DD2A1E020000787200116A6176612E7574696C2E48617368536574BA44859596B8B7340300007870770C000000103F4000000000000274000452454144740005575249544578017371007E0032770C000000103F40000000000000787371007E00223F40000000000000770800000010000000007874001B687474703A2F2F6C6F63616C686F73743A383038302F6C6F67696E707371007E0032770C000000103F4000000000000574000A6D797265736F75726365740006657270636C697400077061796D656E74740009696E76656E746F727974000A6261636B656E64617070787371007E0032770C000000103F4000000000000171007E0029787372004F6F72672E737072696E676672616D65776F726B2E73656375726974792E61757468656E7469636174696F6E2E557365726E616D6550617373776F726441757468656E7469636174696F6E546F6B656E00000000000002120200024C000B63726564656E7469616C7371007E00054C00097072696E636970616C71007E00057871007E0003017371007E00077371007E000B0000000577040000000571007E000F71007E001171007E001371007E001571007E00177871007E0043737200486F72672E737072696E676672616D65776F726B2E73656375726974792E7765622E61757468656E7469636174696F6E2E57656241757468656E7469636174696F6E44657461696C7300000000000002120200024C000D72656D6F74654164647265737371007E000E4C000973657373696F6E496471007E000E787074000F303A303A303A303A303A303A303A3174002038353133423930463435433935373035393938343946334638333133353241327073720027636F6D2E6675747572657A6F6E652E617574687372762E6D6F64656C2E437573746F6D55736572CEFDCE7FBEB7AA870200044C0009636F6D70616E7949647400104C6A6176612F6C616E672F4C6F6E673B4C000664624E616D6571007E000E4C0005656D61696C71007E000E4C000866756C6C4E616D6571007E000E787200326F72672E737072696E676672616D65776F726B2E73656375726974792E636F72652E7573657264657461696C732E5573657200000000000002120200075A00116163636F756E744E6F6E457870697265645A00106163636F756E744E6F6E4C6F636B65645A001563726564656E7469616C734E6F6E457870697265645A0007656E61626C65644C000B617574686F72697469657371007E001C4C000870617373776F726471007E000E4C0008757365726E616D6571007E000E7870010101017371007E002F737200116A6176612E7574696C2E54726565536574DD98509395ED875B0300007870737200466F72672E737072696E676672616D65776F726B2E73656375726974792E636F72652E7573657264657461696C732E5573657224417574686F72697479436F6D70617261746F720000000000000212020000787077040000000571007E000F71007E001171007E001371007E001571007E00177870740001337372000E6A6176612E6C616E672E4C6F6E673B8BE490CC8F23DF0200014A000576616C7565787200106A6176612E6C616E672E4E756D62657286AC951D0B94E08B0200007870000000000000000174000A737576617374756170707400146D756A6168696431303240676D61696C2E636F6D7400184D642E204D756A61686964756C2049736C616D204B68616E, 'fe5b295edbe71f7fd4a8da435ce3a30e');
/*!40000 ALTER TABLE `oauth_access_token` ENABLE KEYS */;

-- Dumping structure for table authsrv.oauth_approvals
CREATE TABLE IF NOT EXISTS `oauth_approvals` (
  `userId` varchar(256) DEFAULT NULL,
  `clientId` varchar(256) DEFAULT NULL,
  `scope` varchar(256) DEFAULT NULL,
  `status` varchar(10) DEFAULT NULL,
  `expiresAt` timestamp NOT NULL DEFAULT current_timestamp() ON UPDATE current_timestamp(),
  `lastModifiedAt` timestamp NOT NULL DEFAULT '0000-00-00 00:00:00'
) ENGINE=InnoDB DEFAULT CHARSET=utf8;

-- Dumping data for table authsrv.oauth_approvals: ~0 rows (approximately)
/*!40000 ALTER TABLE `oauth_approvals` DISABLE KEYS */;
/*!40000 ALTER TABLE `oauth_approvals` ENABLE KEYS */;

-- Dumping structure for table authsrv.oauth_client_details
CREATE TABLE IF NOT EXISTS `oauth_client_details` (
  `client_id` varchar(255) NOT NULL,
  `client_secret` varchar(255) NOT NULL,
  `web_server_redirect_uri` varchar(2048) DEFAULT NULL,
  `scope` varchar(255) DEFAULT NULL,
  `access_token_validity` int(11) DEFAULT NULL,
  `refresh_token_validity` int(11) DEFAULT NULL,
  `resource_ids` varchar(1024) DEFAULT NULL,
  `authorized_grant_types` varchar(1024) DEFAULT NULL,
  `authorities` varchar(1024) DEFAULT NULL,
  `additional_information` varchar(4096) DEFAULT NULL,
  `autoapprove` varchar(255) DEFAULT NULL,
  PRIMARY KEY (`client_id`)
) ENGINE=InnoDB DEFAULT CHARSET=utf8;

-- Dumping data for table authsrv.oauth_client_details: ~0 rows (approximately)
/*!40000 ALTER TABLE `oauth_client_details` DISABLE KEYS */;
INSERT INTO `oauth_client_details` (`client_id`, `client_secret`, `web_server_redirect_uri`, `scope`, `access_token_validity`, `refresh_token_validity`, `resource_ids`, `authorized_grant_types`, `authorities`, `additional_information`, `autoapprove`) VALUES
	('mobile', '$2a$10$gPhlXZfms0EpNHX0.HHptOhoFD1AoxSr/yUIdTqA8vtjeP4zi0DDu', 'http://localhost:8080/login', 'READ,WRITE', 3600, 10000, 'inventory,payment,backendapp,myresource,erpcli', 'authorization_code,password,refresh_token,implicit', NULL, '{}', 'true');
/*!40000 ALTER TABLE `oauth_client_details` ENABLE KEYS */;

-- Dumping structure for table authsrv.oauth_client_token
CREATE TABLE IF NOT EXISTS `oauth_client_token` (
  `token_id` varchar(256) DEFAULT NULL,
  `token` mediumblob DEFAULT NULL,
  `authentication_id` varchar(256) NOT NULL,
  `user_name` varchar(256) DEFAULT NULL,
  `client_id` varchar(256) DEFAULT NULL,
  PRIMARY KEY (`authentication_id`)
) ENGINE=InnoDB DEFAULT CHARSET=utf8;

-- Dumping data for table authsrv.oauth_client_token: ~0 rows (approximately)
/*!40000 ALTER TABLE `oauth_client_token` DISABLE KEYS */;
/*!40000 ALTER TABLE `oauth_client_token` ENABLE KEYS */;

-- Dumping structure for table authsrv.oauth_code
CREATE TABLE IF NOT EXISTS `oauth_code` (
  `code` varchar(256) DEFAULT NULL,
  `authentication` mediumblob DEFAULT NULL
) ENGINE=InnoDB DEFAULT CHARSET=utf8;

-- Dumping data for table authsrv.oauth_code: ~0 rows (approximately)
/*!40000 ALTER TABLE `oauth_code` DISABLE KEYS */;
/*!40000 ALTER TABLE `oauth_code` ENABLE KEYS */;

-- Dumping structure for table authsrv.oauth_refresh_token
CREATE TABLE IF NOT EXISTS `oauth_refresh_token` (
  `token_id` varchar(256) DEFAULT NULL,
  `token` mediumblob DEFAULT NULL,
  `authentication` mediumblob DEFAULT NULL
) ENGINE=InnoDB DEFAULT CHARSET=utf8;

-- Dumping data for table authsrv.oauth_refresh_token: ~1 rows (approximately)
/*!40000 ALTER TABLE `oauth_refresh_token` DISABLE KEYS */;
INSERT INTO `oauth_refresh_token` (`token_id`, `token`, `authentication`) VALUES
	('fe5b295edbe71f7fd4a8da435ce3a30e', _binary 0xACED00057372004C6F72672E737072696E676672616D65776F726B2E73656375726974792E6F61757468322E636F6D6D6F6E2E44656661756C744578706972696E674F417574683252656672657368546F6B656E2FDF47639DD0C9B70200014C000A65787069726174696F6E7400104C6A6176612F7574696C2F446174653B787200446F72672E737072696E676672616D65776F726B2E73656375726974792E6F61757468322E636F6D6D6F6E2E44656661756C744F417574683252656672657368546F6B656E73E10E0A6354D45E0200014C000576616C75657400124C6A6176612F6C616E672F537472696E673B787074002461376538323066622D336162642D346639662D383764362D3636663466366365313631317372000E6A6176612E7574696C2E44617465686A81014B597419030000787077080000017BE450EAE778, _binary 0xACED0005737200416F72672E737072696E676672616D65776F726B2E73656375726974792E6F61757468322E70726F76696465722E4F417574683241757468656E7469636174696F6EBD400B02166252130200024C000D73746F7265645265717565737474003C4C6F72672F737072696E676672616D65776F726B2F73656375726974792F6F61757468322F70726F76696465722F4F4175746832526571756573743B4C00127573657241757468656E7469636174696F6E7400324C6F72672F737072696E676672616D65776F726B2F73656375726974792F636F72652F41757468656E7469636174696F6E3B787200476F72672E737072696E676672616D65776F726B2E73656375726974792E61757468656E7469636174696F6E2E416273747261637441757468656E7469636174696F6E546F6B656ED3AA287E6E47640E0200035A000D61757468656E746963617465644C000B617574686F7269746965737400164C6A6176612F7574696C2F436F6C6C656374696F6E3B4C000764657461696C737400124C6A6176612F6C616E672F4F626A6563743B787000737200266A6176612E7574696C2E436F6C6C656374696F6E7324556E6D6F6469666961626C654C697374FC0F2531B5EC8E100200014C00046C6973747400104C6A6176612F7574696C2F4C6973743B7872002C6A6176612E7574696C2E436F6C6C656374696F6E7324556E6D6F6469666961626C65436F6C6C656374696F6E19420080CB5EF71E0200014C00016371007E00047870737200136A6176612E7574696C2E41727261794C6973747881D21D99C7619D03000149000473697A65787000000005770400000005737200426F72672E737072696E676672616D65776F726B2E73656375726974792E636F72652E617574686F726974792E53696D706C654772616E746564417574686F7269747900000000000002120200014C0004726F6C657400124C6A6176612F6C616E672F537472696E673B787074000A524F4C455F61646D696E7371007E000D74000E6372656174655F70726F66696C657371007E000D74000E64656C6574655F70726F66696C657371007E000D74000C726561645F70726F66696C657371007E000D74000E7570646174655F70726F66696C657871007E000C707372003A6F72672E737072696E676672616D65776F726B2E73656375726974792E6F61757468322E70726F76696465722E4F41757468325265717565737400000000000000010200075A0008617070726F7665644C000B617574686F72697469657371007E00044C000A657874656E73696F6E7374000F4C6A6176612F7574696C2F4D61703B4C000B726564697265637455726971007E000E4C00077265667265736874003B4C6F72672F737072696E676672616D65776F726B2F73656375726974792F6F61757468322F70726F76696465722F546F6B656E526571756573743B4C000B7265736F7572636549647374000F4C6A6176612F7574696C2F5365743B4C000D726573706F6E7365547970657371007E001C787200386F72672E737072696E676672616D65776F726B2E73656375726974792E6F61757468322E70726F76696465722E426173655265717565737436287A3EA37169BD0200034C0008636C69656E74496471007E000E4C001172657175657374506172616D657465727371007E001A4C000573636F706571007E001C78707400066D6F62696C65737200256A6176612E7574696C2E436F6C6C656374696F6E7324556E6D6F6469666961626C654D6170F1A5A8FE74F507420200014C00016D71007E001A7870737200116A6176612E7574696C2E486173684D61700507DAC1C31660D103000246000A6C6F6164466163746F724900097468726573686F6C6478703F4000000000000C77080000001000000006740004636F646574000654324B48623074000A6772616E745F74797065740012617574686F72697A6174696F6E5F636F646574000D726573706F6E73655F74797065740004636F646574000C72656469726563745F75726974001B687474703A2F2F6C6F63616C686F73743A383038302F6C6F67696E740005737461746574000645663542556F740009636C69656E745F696471007E001F78737200256A6176612E7574696C2E436F6C6C656374696F6E7324556E6D6F6469666961626C65536574801D92D18F9B80550200007871007E0009737200176A6176612E7574696C2E4C696E6B656448617368536574D86CD75A95DD2A1E020000787200116A6176612E7574696C2E48617368536574BA44859596B8B7340300007870770C000000103F4000000000000274000452454144740005575249544578017371007E0032770C000000103F40000000000000787371007E00223F40000000000000770800000010000000007874001B687474703A2F2F6C6F63616C686F73743A383038302F6C6F67696E707371007E0032770C000000103F4000000000000574000A6D797265736F75726365740006657270636C697400077061796D656E74740009696E76656E746F727974000A6261636B656E64617070787371007E0032770C000000103F4000000000000171007E0029787372004F6F72672E737072696E676672616D65776F726B2E73656375726974792E61757468656E7469636174696F6E2E557365726E616D6550617373776F726441757468656E7469636174696F6E546F6B656E00000000000002120200024C000B63726564656E7469616C7371007E00054C00097072696E636970616C71007E00057871007E0003017371007E00077371007E000B0000000577040000000571007E000F71007E001171007E001371007E001571007E00177871007E0043737200486F72672E737072696E676672616D65776F726B2E73656375726974792E7765622E61757468656E7469636174696F6E2E57656241757468656E7469636174696F6E44657461696C7300000000000002120200024C000D72656D6F74654164647265737371007E000E4C000973657373696F6E496471007E000E787074000F303A303A303A303A303A303A303A3174002038353133423930463435433935373035393938343946334638333133353241327073720027636F6D2E6675747572657A6F6E652E617574687372762E6D6F64656C2E437573746F6D55736572CEFDCE7FBEB7AA870200044C0009636F6D70616E7949647400104C6A6176612F6C616E672F4C6F6E673B4C000664624E616D6571007E000E4C0005656D61696C71007E000E4C000866756C6C4E616D6571007E000E787200326F72672E737072696E676672616D65776F726B2E73656375726974792E636F72652E7573657264657461696C732E5573657200000000000002120200075A00116163636F756E744E6F6E457870697265645A00106163636F756E744E6F6E4C6F636B65645A001563726564656E7469616C734E6F6E457870697265645A0007656E61626C65644C000B617574686F72697469657371007E001C4C000870617373776F726471007E000E4C0008757365726E616D6571007E000E7870010101017371007E002F737200116A6176612E7574696C2E54726565536574DD98509395ED875B0300007870737200466F72672E737072696E676672616D65776F726B2E73656375726974792E636F72652E7573657264657461696C732E5573657224417574686F72697479436F6D70617261746F720000000000000212020000787077040000000571007E000F71007E001171007E001371007E001571007E00177870740001337372000E6A6176612E6C616E672E4C6F6E673B8BE490CC8F23DF0200014A000576616C7565787200106A6176612E6C616E672E4E756D62657286AC951D0B94E08B0200007870000000000000000174000A737576617374756170707400146D756A6168696431303240676D61696C2E636F6D7400184D642E204D756A61686964756C2049736C616D204B68616E);
/*!40000 ALTER TABLE `oauth_refresh_token` ENABLE KEYS */;

-- Dumping structure for table authsrv.organization
CREATE TABLE IF NOT EXISTS `organization` (
  `id` int(11) NOT NULL AUTO_INCREMENT,
  `orgName` varchar(128) NOT NULL,
  `fkCountry` int(11) NOT NULL,
  `treadlicenseNo` varchar(128) NOT NULL,
  `binNo` varchar(128) DEFAULT NULL,
  `tinNo` varchar(128) DEFAULT NULL,
  PRIMARY KEY (`id`),
  UNIQUE KEY `uk_organization` (`orgName`,`treadlicenseNo`)
) ENGINE=InnoDB DEFAULT CHARSET=utf8;

-- Dumping data for table authsrv.organization: ~0 rows (approximately)
/*!40000 ALTER TABLE `organization` DISABLE KEYS */;
/*!40000 ALTER TABLE `organization` ENABLE KEYS */;

-- Dumping structure for table authsrv.permission
CREATE TABLE IF NOT EXISTS `permission` (
  `id` int(11) NOT NULL AUTO_INCREMENT,
  `name` varchar(512) DEFAULT NULL,
  PRIMARY KEY (`id`),
  UNIQUE KEY `name` (`name`)
) ENGINE=InnoDB AUTO_INCREMENT=5 DEFAULT CHARSET=utf8;

-- Dumping data for table authsrv.permission: ~4 rows (approximately)
/*!40000 ALTER TABLE `permission` DISABLE KEYS */;
INSERT INTO `permission` (`id`, `name`) VALUES
	(1, 'create_profile'),
	(4, 'delete_profile'),
	(2, 'read_profile'),
	(3, 'update_profile');
/*!40000 ALTER TABLE `permission` ENABLE KEYS */;

-- Dumping structure for table authsrv.permission_role
CREATE TABLE IF NOT EXISTS `permission_role` (
  `permission_id` int(11) DEFAULT NULL,
  `role_id` int(11) DEFAULT NULL,
  KEY `permission_id` (`permission_id`),
  KEY `role_id` (`role_id`),
  CONSTRAINT `permission_role_ibfk_1` FOREIGN KEY (`permission_id`) REFERENCES `permission` (`id`),
  CONSTRAINT `permission_role_ibfk_2` FOREIGN KEY (`role_id`) REFERENCES `role` (`id`)
) ENGINE=InnoDB DEFAULT CHARSET=utf8;

-- Dumping data for table authsrv.permission_role: ~7 rows (approximately)
/*!40000 ALTER TABLE `permission_role` DISABLE KEYS */;
INSERT INTO `permission_role` (`permission_id`, `role_id`) VALUES
	(1, 1),
	(2, 1),
	(3, 1),
	(4, 1),
	(2, 2),
	(3, 2),
	(2, 3);
/*!40000 ALTER TABLE `permission_role` ENABLE KEYS */;

-- Dumping structure for table authsrv.role
CREATE TABLE IF NOT EXISTS `role` (
  `id` int(11) NOT NULL AUTO_INCREMENT,
  `name` varchar(255) DEFAULT NULL,
  PRIMARY KEY (`id`),
  UNIQUE KEY `name` (`name`)
) ENGINE=InnoDB AUTO_INCREMENT=4 DEFAULT CHARSET=utf8;

-- Dumping data for table authsrv.role: ~3 rows (approximately)
/*!40000 ALTER TABLE `role` DISABLE KEYS */;
INSERT INTO `role` (`id`, `name`) VALUES
	(1, 'ROLE_admin'),
	(2, 'ROLE_editor'),
	(3, 'ROLE_operator');
/*!40000 ALTER TABLE `role` ENABLE KEYS */;

-- Dumping structure for table authsrv.role_user
CREATE TABLE IF NOT EXISTS `role_user` (
  `role_id` int(11) DEFAULT NULL,
  `user_id` bigint(20) DEFAULT NULL,
  KEY `role_id` (`role_id`),
  KEY `user_id` (`user_id`),
  CONSTRAINT `FK_role_user_userid` FOREIGN KEY (`user_id`) REFERENCES `user` (`id`),
  CONSTRAINT `role_user_ibfk_1` FOREIGN KEY (`role_id`) REFERENCES `role` (`id`)
) ENGINE=InnoDB DEFAULT CHARSET=utf8;

-- Dumping data for table authsrv.role_user: ~3 rows (approximately)
/*!40000 ALTER TABLE `role_user` DISABLE KEYS */;
INSERT INTO `role_user` (`role_id`, `user_id`) VALUES
	(1, 1),
	(2, 2),
	(1, 3);
/*!40000 ALTER TABLE `role_user` ENABLE KEYS */;

-- Dumping structure for table authsrv.test_table
CREATE TABLE IF NOT EXISTS `test_table` (
  `id` bigint(20) NOT NULL AUTO_INCREMENT,
  `empName` varchar(100) DEFAULT NULL,
  PRIMARY KEY (`id`)
) ENGINE=InnoDB AUTO_INCREMENT=3 DEFAULT CHARSET=utf8;

-- Dumping data for table authsrv.test_table: ~2 rows (approximately)
/*!40000 ALTER TABLE `test_table` DISABLE KEYS */;
INSERT INTO `test_table` (`id`, `empName`) VALUES
	(1, 'Mujahid'),
	(2, 'Khan');
/*!40000 ALTER TABLE `test_table` ENABLE KEYS */;

-- Dumping structure for table authsrv.user
CREATE TABLE IF NOT EXISTS `user` (
  `id` bigint(20) NOT NULL DEFAULT 0,
  `username` varchar(100) NOT NULL,
  `fullName` varchar(128) DEFAULT NULL,
  `password` varchar(90) NOT NULL,
  `email` varchar(128) NOT NULL,
  `picture` varchar(120) DEFAULT NULL,
  `enabled` tinyint(4) DEFAULT NULL,
  `provider` varchar(15) DEFAULT NULL,
  `account_non_expired` tinyint(4) DEFAULT NULL,
  `credentials_non_expired` tinyint(4) DEFAULT NULL,
  `account_non_locked` tinyint(4) DEFAULT NULL,
  PRIMARY KEY (`id`),
  UNIQUE KEY `username` (`username`)
) ENGINE=InnoDB DEFAULT CHARSET=utf8;

-- Dumping data for table authsrv.user: ~4 rows (approximately)
/*!40000 ALTER TABLE `user` DISABLE KEYS */;
INSERT INTO `user` (`id`, `username`, `fullName`, `password`, `email`, `picture`, `enabled`, `provider`, `account_non_expired`, `credentials_non_expired`, `account_non_locked`) VALUES
	(0, 'mujahid102@gmail.com', NULL, '123', 'mujahid102@gmail.com', NULL, 1, 'GOOGLE', 1, 1, 1),
	(1, 'krish', NULL, '{bcrypt}$2a$10$ODGwrk2ufy5d7T6afmACwOA/6j6rvXiP5amAMt1YjOQSdEw44QdqG', 'k@krishantha.com', NULL, 1, NULL, 1, 1, 1),
	(2, 'suranga', NULL, '{bcrypt}$2a$10$wQ8vZl3Zm3.zDSIcZEYym.bGq3fPMJXH9k.Vhudcfr6O6KQwDPSt6', 'k@krishantha.com', NULL, 1, NULL, 1, 1, 1),
	(3, 'mujahid', 'Md. Mujahidul Islam Khan', '$2a$10$oKESzh.bq.u7mqR977ej4ON.JhHEgTZhPAEV7FjX1EDejLdnDpxFK', 'mujahid102@gmail.com', NULL, 1, NULL, 1, 1, 1);
/*!40000 ALTER TABLE `user` ENABLE KEYS */;

/*!40101 SET SQL_MODE=IFNULL(@OLD_SQL_MODE, '') */;
/*!40014 SET FOREIGN_KEY_CHECKS=IF(@OLD_FOREIGN_KEY_CHECKS IS NULL, 1, @OLD_FOREIGN_KEY_CHECKS) */;
/*!40101 SET CHARACTER_SET_CLIENT=@OLD_CHARACTER_SET_CLIENT */;
